competitor,comparison_mode,segment,matches,walmart_lower,competitor_lower,parity,walmart_lower_rate,competitor_lower_rate,parity_rate,median_gap_per_gallon,mean_gap_per_gallon
ALDI,private_label,Gallon | 2%,1550,1550,0,0,1.0,0.0,0.0,0.7599999999999998,0.7599999999999998
ALDI,private_label,Gallon | Whole,1547,1547,0,0,1.0,0.0,0.0,0.7599999999999998,0.7599999999999998
ALDI,private_label,Half Gallon | 2%,1519,1519,0,0,1.0,0.0,0.0,0.9000000000000004,0.9000000000000004
ALDI,private_label,Half Gallon | Whole,1505,1505,0,0,1.0,0.0,0.0,0.9000000000000004,0.9000000000000004
ALDI,private_label,Half Gallon | 1%,1442,1442,0,0,1.0,0.0,0.0,0.9000000000000004,0.9000000000000004
ALDI,private_label,Half Gallon | Whole | Lactose-Free,1436,0,1436,0,0.0,1.0,0.0,-0.17999999999999972,-0.17999999999999972
ALDI,private_label,Half Gallon | 2% | Lactose-Free,1403,0,1403,0,0.0,1.0,0.0,-0.17999999999999972,-0.17999999999999972
ALDI,private_label,Half Gallon | Skim/Fat-Free,1377,1377,0,0,1.0,0.0,0.0,0.9000000000000004,0.9000000000000004
ALDI,private_label,Half Gallon | Whole | Organic,1358,0,1358,0,0.0,1.0,0.0,-0.2400000000000002,-0.2400000000000002
ALDI,private_label,Half Gallon | 2% | Organic,1335,17,1318,0,0.012734082397003745,0.9872659176029962,0.0,-0.2400000000000002,-0.2309812734082399
ALDI,private_label,Gallon | 1%,1047,0,1047,0,0.0,1.0,0.0,-0.36999999999999966,-0.36999999999999966
ALDI,private_label,Half Gallon | 1% | Chocolate,651,651,0,0,1.0,0.0,0.0,1.5399999999999996,1.5399999999999996
ALDI,private_label,Gallon | Skim/Fat-Free,142,142,0,0,1.0,0.0,0.0,0.5500000000000003,0.5500000000000003
ALDI,private_label,Half Gallon | Whole | Organic | Omega-3/DHA,41,0,41,0,0.0,1.0,0.0,-0.2599999999999998,-0.2599999999999998
ALDI,equivalent,Half Gallon | 2%,1559,1519,40,0,0.9743425272610647,0.025657472738935216,0.0,0.9000000000000004,0.8089159717767803
ALDI,equivalent,Half Gallon | Whole,1556,1507,49,0,0.968508997429306,0.031491002570694086,0.0,0.9000000000000004,0.7863753213367612
ALDI,equivalent,Gallon | 2%,1555,1550,5,0,0.9967845659163987,0.003215434083601286,0.0,0.7599999999999998,0.7551254019292603
ALDI,equivalent,Gallon | Whole,1553,1552,1,0,0.9993560849967804,0.000643915003219575,0.0,0.7599999999999998,0.8076625885383127
ALDI,equivalent,Half Gallon | 1%,1505,1444,61,0,0.959468438538206,0.04053156146179402,0.0,0.9000000000000004,0.7172225913621266
ALDI,equivalent,Half Gallon | Whole | Organic,1493,0,1493,0,0.0,1.0,0.0,-0.2400000000000002,-0.6275820495646351
ALDI,equivalent,Half Gallon | 2% | Organic,1462,17,1445,0,0.011627906976744186,0.9883720930232558,0.0,-0.2400000000000002,-0.5898084815321479
ALDI,equivalent,Half Gallon | Whole | Lactose-Free,1436,0,1436,0,0.0,1.0,0.0,-0.17999999999999972,-0.17999999999999972
ALDI,equivalent,Half Gallon | Skim/Fat-Free,1413,1381,32,0,0.9773531493276716,0.02264685067232838,0.0,0.9000000000000004,0.7962915782024066
ALDI,equivalent,Half Gallon | 2% | Lactose-Free,1403,0,1403,0,0.0,1.0,0.0,-0.17999999999999972,-0.17999999999999972
ALDI,equivalent,Half Gallon | Whole | Organic | Omega-3/DHA,1233,0,1233,0,0.0,1.0,0.0,-4.140000000000001,-4.010981346309814
ALDI,equivalent,Gallon | 1%,1053,0,1053,0,0.0,1.0,0.0,-0.36999999999999966,-0.3765906932573596
ALDI,equivalent,Half Gallon | 1% | Chocolate,665,651,14,0,0.9789473684210527,0.021052631578947368,0.0,1.5399999999999996,1.4119999999999997
ALDI,equivalent,Gallon | Skim/Fat-Free,142,142,0,0,1.0,0.0,0.0,0.5500000000000003,0.5500000000000003
Amazon,same_brand,59 fl oz | Whole | Organic | Grass-Fed,977,317,330,330,0.32446264073694986,0.33776867963152507,0.33776867963152507,0.0,0.1807539510434924
Amazon,same_brand,Half Gallon | 2%,866,317,188,361,0.36605080831408776,0.21709006928406466,0.4168591224018476,0.0,0.07094688221708978
Amazon,same_brand,52 fl oz | 2% | Lactose-Free | Ultra-Filtered,840,467,0,373,0.555952380952381,0.0,0.444047619047619,0.024615384615383817,0.8436923076923074
Amazon,same_brand,96 fl oz | Whole,791,122,157,512,0.15423514538558786,0.19848293299620734,0.6472819216182049,0.0,-0.013501896333754336
Amazon,same_brand,96 fl oz | 2%,758,143,133,482,0.18865435356200527,0.17546174142480211,0.6358839050131926,0.0,0.12875989445910327
Amazon,same_brand,Half Gallon | Whole,707,365,89,253,0.5162659123055162,0.12588401697312587,0.3578500707213578,1.0199999999999996,0.4434794908062232
Amazon,same_brand,Half Gallon | Whole | Organic,705,186,519,0,0.26382978723404255,0.7361702127659574,0.0,-0.5399999999999991,-0.7447659574468078
Amazon,same_brand,52 fl oz | Skim/Fat-Free | Lactose-Free | Ultra-Filtered,641,379,0,262,0.5912636505460218,0.0,0.40873634945397813,0.024615384615383817,1.0326173046921874
Amazon,same_brand,Half Gallon | 2% | Organic,598,55,491,52,0.09197324414715718,0.8210702341137124,0.08695652173913043,-0.5399999999999991,-1.0653511705685612
Amazon,same_brand,Half Gallon | Whole | Organic | Omega-3/DHA,356,106,158,92,0.29775280898876405,0.4438202247191011,0.25842696629213485,0.0,-0.3732584269662918
Amazon,same_brand,59 fl oz | Whole | A2,290,226,16,48,0.7793103448275862,0.05517241379310345,0.16551724137931034,0.6942372881355947,0.6258609000584463
Amazon,same_brand,Gallon | Whole | Organic,243,169,74,0,0.6954732510288066,0.3045267489711934,0.0,0.019999999999999574,-0.14666666666666708
Amazon,same_brand,52 fl oz | 2% | Chocolate | Lactose-Free | Ultra-Filtered,50,11,0,39,0.22,0.0,0.78,0.0,0.11372307692307676
Amazon,same_brand,Gallon | Whole,33,33,0,0,1.0,0.0,0.0,1.31,1.1463636363636365
Amazon,same_brand,Gallon | 2%,31,31,0,0,1.0,0.0,0.0,1.0100000000000002,1.1454838709677422
Amazon,same_brand,Gallon | 2% | Organic,13,1,11,1,0.07692307692307693,0.8461538461538461,0.07692307692307693,-1.58,-1.723846153846154
Amazon,same_brand,Half Gallon | Whole | Organic | Lactose-Free,4,4,0,0,1.0,0.0,0.0,3.7200000000000006,3.4700000000000006
Amazon,same_brand,Gallon | 1%,4,4,0,0,1.0,0.0,0.0,1.0100000000000002,0.9850000000000001
Amazon,same_brand,Half Gallon | 2% | Organic | Omega-3/DHA,3,2,1,0,0.6666666666666666,0.3333333333333333,0.0,4.0600000000000005,2.393333333333334
Amazon,same_brand,59 fl oz | 2% | A2,3,2,0,1,0.6666666666666666,0.0,0.3333333333333333,1.2366101694915272,0.8244067796610182
Amazon,same_brand,Half Gallon | 1%,2,1,1,0,0.5,0.5,0.0,0.2400000000000002,0.2400000000000002
Amazon,same_brand,32 fl oz | Whole,1,1,0,0,1.0,0.0,0.0,0.27999999999999936,0.27999999999999936
Amazon,same_brand,Half Gallon | Skim/Fat-Free,1,1,0,0,1.0,0.0,0.0,1.0200000000000005,1.0200000000000005
Amazon,private_label,Gallon | Whole,1171,756,415,0,0.645602049530316,0.35439795046968403,0.0,0.5500000000000003,0.7871477369769431
Amazon,private_label,Half Gallon | Whole,1082,498,584,0,0.4602587800369686,0.5397412199630314,0.0,-0.2400000000000002,0.3189833641404806
Amazon,private_label,Half Gallon | 2%,1001,343,658,0,0.34265734265734266,0.6573426573426573,0.0,-0.3999999999999999,0.06697302697302705
Amazon,private_label,Gallon | 2%,937,465,472,0,0.49626467449306294,0.503735325506937,0.0,-0.04999999999999982,0.37241195304162245
Amazon,private_label,Gallon | Whole | Organic,884,514,370,0,0.581447963800905,0.41855203619909503,0.0,0.1200000000000001,-0.060565610859728426
Amazon,private_label,Gallon | 1%,643,55,588,0,0.08553654743390357,0.9144634525660964,0.0,-0.34999999999999964,-0.4567807153965784
Amazon,private_label,Gallon | Skim/Fat-Free,515,48,467,0,0.09320388349514563,0.9067961165048544,0.0,-0.34999999999999964,-0.3902135922330095
Amazon,private_label,Half Gallon | Whole | Organic,498,494,4,0,0.9919678714859438,0.008032128514056224,0.0,1.2399999999999993,1.275220883534136
Amazon,private_label,Half Gallon | 2% | Lactose-Free,196,8,141,47,0.04081632653061224,0.7193877551020408,0.23979591836734693,-0.17999999999999972,-0.1433673469387754
Amazon,private_label,Half Gallon | Whole | Lactose-Free,193,2,112,79,0.010362694300518135,0.5803108808290155,0.40932642487046633,-0.17999999999999972,-0.2835233160621762
Amazon,private_label,Gallon | 2% | Organic,157,93,64,0,0.5923566878980892,0.40764331210191085,0.0,0.1200000000000001,-0.028598726114649656
Amazon,private_label,Half Gallon | 2% | Organic,110,81,29,0,0.7363636363636363,0.2636363636363636,0.0,1.2199999999999998,0.5387272727272724
Amazon,private_label,Half Gallon | 1%,11,1,10,0,0.09090909090909091,0.9090909090909091,0.0,-1.2200000000000002,-0.9981818181818182
Amazon,private_label,Half Gallon | Skim/Fat-Free,2,0,2,0,0.0,1.0,0.0,-1.2200000000000002,-1.2200000000000002
Amazon,private_label,Half Gallon | 1% | Organic,1,1,0,0,1.0,0.0,0.0,1.2199999999999998,1.2199999999999998
Amazon,private_label,Gallon | 1% | Organic,1,1,0,0,1.0,0.0,0.0,0.1200000000000001,0.1200000000000001
Amazon,equivalent,Half Gallon | Whole,1604,981,620,3,0.6115960099750624,0.3865336658354115,0.0018703241895261845,1.1799999999999997,1.5351870324189527
Amazon,equivalent,Half Gallon | 2%,1501,814,678,9,0.5423051299133911,0.45169886742171883,0.005996002664890073,0.3600000000000003,1.5964023984010662
Amazon,equivalent,Half Gallon | Whole | Organic,1439,1312,127,0,0.9117442668519805,0.08825573314801946,0.0,2.2399999999999993,2.3384850590687978
Amazon,equivalent,Gallon | Whole | Organic,1337,742,594,1,0.5549738219895288,0.4442782348541511,0.0007479431563201197,0.1200000000000001,-0.19470456245325357
Amazon,equivalent,59 fl oz | Whole | Organic | Grass-Fed,1243,558,429,256,0.4489139179404666,0.34513274336283184,0.20595333869670152,0.0,0.38211325797346557
Amazon,equivalent,Gallon | Whole,1243,891,352,0,0.7168141592920354,0.2831858407079646,0.0,0.8900000000000006,0.9954625905068385
Amazon,equivalent,Half Gallon | 2% | Organic,1195,1068,125,2,0.8937238493723849,0.10460251046025104,0.0016736401673640166,3.12,2.80781589958159
Amazon,equivalent,Gallon | 2%,1025,553,472,0,0.5395121951219513,0.4604878048780488,0.0,0.13000000000000034,0.49144390243902464
Amazon,equivalent,52 fl oz | 2% | Lactose-Free | Ultra-Filtered,840,467,0,373,0.555952380952381,0.0,0.444047619047619,0.024615384615383817,0.8436923076923074
Amazon,equivalent,96 fl oz | Whole,791,122,157,512,0.15423514538558786,0.19848293299620734,0.6472819216182049,0.0,-0.013501896333754336
Amazon,equivalent,96 fl oz | 2%,758,143,133,482,0.18865435356200527,0.17546174142480211,0.6358839050131926,0.0,0.12875989445910327
Amazon,equivalent,Gallon | 1%,664,72,592,0,0.10843373493975904,0.891566265060241,0.0,-0.34999999999999964,-0.4140813253012047
Amazon,equivalent,52 fl oz | Skim/Fat-Free | Lactose-Free | Ultra-Filtered,641,379,0,262,0.5912636505460218,0.0,0.40873634945397813,0.024615384615383817,1.0326173046921874
Amazon,equivalent,Gallon | Skim/Fat-Free,518,51,467,0,0.09845559845559845,0.9015444015444015,0.0,-0.34999999999999964,-0.383204633204633
Amazon,equivalent,Gallon | 2% | Organic,449,96,351,2,0.21380846325167038,0.7817371937639198,0.004454342984409799,-1.9800000000000004,-1.3833853006681518
Amazon,equivalent,Half Gallon | Whole | Organic | Omega-3/DHA,359,127,150,82,0.35376044568245124,0.4178272980501393,0.22841225626740946,0.0,-0.11169916434540353
Amazon,equivalent,59 fl oz | Whole | A2,290,226,16,48,0.7793103448275862,0.05517241379310345,0.16551724137931034,0.6942372881355947,0.6258609000584463
Amazon,equivalent,Half Gallon | 2% | Lactose-Free,197,8,142,47,0.04060913705583756,0.7208121827411168,0.23857868020304568,-0.17999999999999972,-0.15685279187817247
Amazon,equivalent,Half Gallon | Whole | Lactose-Free,193,2,112,79,0.010362694300518135,0.5803108808290155,0.40932642487046633,-0.17999999999999972,-0.2835233160621762
Amazon,equivalent,59 fl oz | 2% | Organic | Grass-Fed,77,29,48,0,0.37662337662337664,0.6233766233766234,0.0,-1.0413559322033894,-0.5798459167950687
Amazon,equivalent,52 fl oz | 2% | Chocolate | Lactose-Free | Ultra-Filtered,50,11,0,39,0.22,0.0,0.78,0.0,0.11372307692307676
Amazon,equivalent,32 fl oz | Whole,48,19,29,0,0.3958333333333333,0.6041666666666666,0.0,-0.3199999999999994,-0.558333333333333
Amazon,equivalent,32 fl oz | 2%,26,21,5,0,0.8076923076923077,0.19230769230769232,0.0,37.96,33.55538461538462
Amazon,equivalent,Half Gallon | 1%,16,5,11,0,0.3125,0.6875,0.0,-0.8199999999999998,-0.585
Amazon,equivalent,Half Gallon | Whole | Organic | Lactose-Free,7,2,5,0,0.2857142857142857,0.7142857142857143,0.0,-1.2799999999999994,-1.4228571428571422
Amazon,equivalent,16 fl oz | Whole,6,2,4,0,0.3333333333333333,0.6666666666666666,0.0,-1.4400000000000013,0.2933333333333324
Amazon,equivalent,Half Gallon | Skim/Fat-Free,4,2,2,0,0.5,0.5,0.0,0.17999999999999994,0.42999999999999994
Amazon,equivalent,Half Gallon | 2% | Organic | Omega-3/DHA,3,2,1,0,0.6666666666666666,0.3333333333333333,0.0,4.0600000000000005,2.393333333333334
Amazon,equivalent,59 fl oz | 2% | A2,3,2,0,1,0.6666666666666666,0.0,0.3333333333333333,1.2366101694915272,0.8244067796610182
Amazon,equivalent,Half Gallon | 1% | Organic,1,1,0,0,1.0,0.0,0.0,1.2199999999999998,1.2199999999999998
Amazon,equivalent,Gallon | 1% | Organic,1,1,0,0,1.0,0.0,0.0,0.1200000000000001,0.1200000000000001
